{
    "CLASS_NAME": "LightSource",
    "name": "Soleil - HU64",
    "electron_beam": {
        "CLASS_NAME": "ElectronBeam",
        "energy_in_GeV": 2.75,
        "energy_spread": 0.0010249999999999999,
        "current": 0.5,
        "number_of_bunches": 1,
        "moment_xx": 5.2873549684158404e-08,
        "moment_xxp": 1.6376749051980198e-09,
        "moment_xpxp": 9.363301879518787e-10,
        "moment_yy": 1.6661552574257426e-10,
        "moment_yyp": 4.177394430693069e-11,
        "moment_ypyp": 2.321201599884592e-11,
        "e_x": 0.00022994249212391867,
        "e_y": 1.2907963655920877e-05,
        "e_xp": 3.059951287115334e-05,
        "e_yp": 4.817885013036936e-06
    },
    "magnetic_structure": {
        "B_horizontal": null,
        "B_vertical": null,
        "K_vertical": null,
        "K_horizontal": null,
        "period_length": 0.064,
        "number_of_periods": 28,
        "CLASS_NAME": "Undulator"
    }
}